{
  "project_info": {
    "project_number": "771788466401",
    "project_id": "parkotto-94f3e",
    "storage_bucket": "parkotto-94f3e.appspot.com"
  },
  "client": [
    {
      "client_info": {
        "mobilesdk_app_id": "1:771788466401:android:d02e73c9b9a25e2eb42fa0",
        "android_client_info": {
          "package_name": "com.example.quickpark"
        }
      },
      "oauth_client": [],
      "api_key": [
        {
          "current_key": "AIzaSyBO8BUh2de1-ojr4p4uHwmfH2iA3dRTVXM"
        }
      ],
      "services": {
        "appinvite_service": {
          "other_platform_oauth_client": []
        }
      }
    },
    {
      "client_info": {
        "mobilesdk_app_id": "1:771788466401:android:2c2e0b0b6125517fb42fa0",
        "android_client_info": {
          "package_name": "com.project.rentwheels"
        }
      },
      "oauth_client": [],
      "api_key": [
        {
          "current_key": "AIzaSyBO8BUh2de1-ojr4p4uHwmfH2iA3dRTVXM"
        }
      ],
      "services": {
        "appinvite_service": {
          "other_platform_oauth_client": []
        }
      }
    },
    {
      "client_info": {
        "mobilesdk_app_id": "1:771788466401:android:732d5a92e7b27a07b42fa0",
        "android_client_info": {
          "package_name": "com.topic.notification.topic_notification"
        }
      },
      "oauth_client": [],
      "api_key": [
        {
          "current_key": "AIzaSyBO8BUh2de1-ojr4p4uHwmfH2iA3dRTVXM"
        }
      ],
      "services": {
        "appinvite_service": {
          "other_platform_oauth_client": []
        }
      }
    }
  ],
  "configuration_version": "1"
}